{
      "success": true,
      "file": "File berhasil di simpan",
      "acc_moped": 5.6938339459966514e-11,
      "acc_sport": 1.44435228073515e-14,
      "acc_scooter": 1.0,
      "label": 2
}